{"content_type":"CG_SHOP_2025_Solution","instance_uid":"point-set_10_c04b0024","steiner_points_x":["481/20","116/5","4093/100","529/13","156/5","188711/5000","5280/629"],"steiner_points_y":["143/5","108/5","1001/50","358/13","219/10","27027/2500","4210/629"],"edges":[[0,1],[1,9],[0,9],[10,11],[11,14],[10,14],[9,16],[0,16],[5,9],[1,5],[6,10],[6,11],[1,2],[2,5],[4,15],[5,15],[4,5],[2,15],[3,13],[8,13],[3,8],[8,10],[8,14],[4,14],[4,11],[5,11],[12,14],[4,12],[9,11],[6,9],[3,7],[7,12],[3,12],[7,13],[3,14],[12,15],[6,16]],"meta":{"zip_info":{"zip_file":"/Users/styx/PycharmProjects/nonObtuseTri/solution_summaries/withConstrainedVoronoi.zip","file_in_zip":"point-set_10_c04b0024.solution.json"}}}