{"content_type":"CG_SHOP_2025_Solution","instance_uid":"simple-polygon-exterior_10_310dc6c7","steiner_points_x":["1045/37","32085/586","322/5","74746161/1378858","1637764419313/43089312500","178739773/5882500"],"steiner_points_y":["1500/37","4895/586","86/5","4290523/689429","111596003488/10772328125","18097448/1470625"],"edges":[[7,8],[6,8],[6,7],[8,15],[7,15],[5,10],[6,10],[5,6],[5,8],[4,5],[3,5],[3,4],[8,9],[5,9],[0,1],[1,2],[0,2],[2,9],[2,3],[3,9],[2,11],[0,11],[2,12],[3,12],[13,14],[11,13],[11,14],[4,10],[9,11],[9,14],[1,12],[0,13],[9,15],[14,15]],"meta":{"zip_info":{"zip_file":"/Users/styx/PycharmProjects/nonObtuseTri/out_merged_summaries/merged_summaries_big_False_6.zip","file_in_zip":"simple-polygon-exterior_10_310dc6c7.solution.json"}}}